Country,Country Code,Official language
Abkhazia,GE-AB,Abkhaz
Abkhazia,GE-AB,Russian
Afghanistan,AF,Persian
Afghanistan,AF,Pashto
Afghanistan,AF,
Afghanistan,AF,
Afghanistan,AF,
Afghanistan,AF,
Albania,AL,Albanian
Albania,AL,
Albania,AL,
Algeria,DZ,Arabic
Algeria,DZ,Berber
Andorra,AD,Catalan
Andorra,AD,
Andorra,AD,
Angola,AO,Portuguese
Angola,AO,
Angola,AO,
Angola,AO,
Angola,AO,
Angola,AO,
Antigua and Barbuda,AG,English
Antigua and Barbuda,AG,
Argentina,AR,Spanish
Argentina,AR,
Argentina,AR,
Argentina,AR,
Argentina,AR,
Armenia,AM,Armenian
Australia,AU,English
Austria,AT,German
Austria,AT,
Austria,AT,
Austria,AT,
Austria,AT,
Austria,AT,
Azerbaijan,AZ,Azerbaijani
The Bahamas,BS,English
Bahrain,BH,Arabic
Bangladesh,BD,Bengali
Bangladesh,BD,
Bangladesh,BD,
Bangladesh,BD,
Bangladesh,BD,
Bangladesh,BD,
Bangladesh,BD,
Barbados,BB,English
Belarus,BY,Belarusian
Belarus,BY,Russian
Belgium,BE,Dutch
Belgium,BE,French
Belgium,BE,German
Belize,BZ,English
Belize,BZ,
Benin,BJ,French
Bhutan,BT,Dzongkha
Bolivia,BO,Castilian
Bolivia,BO,Aymara
Bolivia,BO,Araona
Bolivia,BO,Baure
Bolivia,BO,Bésiro
Bolivia,BO,Canichana
Bolivia,BO,Cavineña
Bolivia,BO,Cayubaba
Bolivia,BO,Chácobo
Bolivia,BO,Chimán
Bolivia,BO,Ese Ejja
Bolivia,BO,Guaraní
Bolivia,BO,Guarasu'we
Bolivia,BO,Guarayu
Bolivia,BO,Itonama
Bolivia,BO,Leco
Bolivia,BO,Machajuyai-Kallawaya
Bolivia,BO,Machineri
Bolivia,BO,Maropa
Bolivia,BO,Mojeño-Ignaciano
Bolivia,BO,Mojeño-Trinitario
Bolivia,BO,Moré
Bolivia,BO,Mosetén
Bolivia,BO,Movima
Bolivia,BO,Pacawara
Bolivia,BO,Puquina
Bolivia,BO,Quechua
Bolivia,BO,Sirionó
Bolivia,BO,Tacana
Bolivia,BO,Tapieté
Bolivia,BO,Toromona
Bolivia,BO,Uru-Chipaya
Bolivia,BO,Weenhayek
Bolivia,BO,Yaminawa
Bolivia,BO,Yuki
Bolivia,BO,Yuracaré
Bolivia,BO,Zamuco
Bosnia and Herzegovina,BA,Bosnian
Bosnia and Herzegovina,BA,Serbian
Bosnia and Herzegovina,BA,Croatian
Bosnia and Herzegovina,BA,Bosnian
Bosnia and Herzegovina,BA,Serbian
Bosnia and Herzegovina,BA,Croatian
Botswana,BW,English
Botswana,BW,
Brazil,BR,Portuguese
Brazil,BR,
Brazil,BR,
Brazil,BR,
Brazil,BR,
Brazil,BR,
Brazil,BR,
Brazil,BR,
Brunei,BN,Malay
Brunei,BN,
Bulgaria,BG,Bulgarian
Burkina Faso,BF,French
Burkina Faso,BF,
Burkina Faso,BF,
Burundi,BI,French
Burundi,BI,Kirundi
Burundi,BI,English
Cambodia,KH,Khmer
Cambodia,KH,
Cambodia,KH,
Cameroon,CM,English
Cameroon,CM,French
Canada,CA,English
Canada,CA,French
Canada,CA,
Canada,CA,
Canada,CA,
Canada,CA,
Canada,CA,
Canada,CA,
Canada,CA,
Canada,CA,
Cape Verde,CV,Portuguese
Central African Republic,CF,French
Central African Republic,CF,Sango
Chad,TD,Arabic
Chad,TD,French
Chile,CL,Spanish
China,CN,Standard Chinese
China,CN,
China,CN,
China,CN,
China,CN,
China,CN,
Christmas Island,CX,English
Christmas Island,CX,Mandarin
Christmas Island,CX,Malay
Cocos (Keeling) Islands,CC,English
Cocos (Keeling) Islands,CC,Cocos Malay
Colombia,CO,Spanish
Comoros,KM,Arabic
Comoros,KM,Comorian
Comoros,KM,French
Democratic Republic of the Congo,CD,French
Democratic Republic of the Congo,CD,
Democratic Republic of the Congo,CD,French
Democratic Republic of the Congo,CD,
Cook Islands,CK,English
Cook Islands,CK,Cook Islands Māori
Costa Rica,CR,Spanish
Costa Rica,CR,
Croatia,HR,Croatian
Croatia,HR,
Croatia,HR,
Croatia,HR,
Croatia,HR,
Cuba,CU,Spanish
Cyprus,CY,Greek
Cyprus,CY,Turkish
Czech Republic,CZ,Czech
Czech Republic,CZ,Slovak
Czech Republic,CZ,
Czech Republic,CZ,
Czech Republic,CZ,
Czech Republic,CZ,
Czech Republic,CZ,
Czech Republic,CZ,
Czech Republic,CZ,
Czech Republic,CZ,
Czech Republic,CZ,
Czech Republic,CZ,
Czech Republic,CZ,
Denmark,DK,Danish
Denmark,DK,
Djibouti,DJ,Arabic
Djibouti,DJ,French
Dominica,DM,English
Dominican Republic,DO,Spanish
East Timor,TL,Portuguese
East Timor,TL,Tetum
Ecuador,EC,Spanish
Ecuador,EC,
Ecuador,EC,
Egypt,EG,Arabic
El Salvador,SV,Spanish
Equatorial Guinea,GQ,French
Equatorial Guinea,GQ,Portuguese
Equatorial Guinea,GQ,Spanish
Eritrea,ER,Tigrinya
Eritrea,ER,
Estonia,EE,Estonian
Eswatini,SZ,English
Eswatini,SZ,Swazi
Ethiopia,ET,Afar
Ethiopia,ET,Amharic
Ethiopia,ET,Oromo
Ethiopia,ET,Somali
Ethiopia,ET,Tigrinya
Ethiopia,ET,
Ethiopia,ET,
Ethiopia,ET,
Ethiopia,ET,
Ethiopia,ET,
Fiji,FJ,English
Fiji,FJ,Fijian
Fiji,FJ,Fiji Hindi
Finland,FI,Finnish
Finland,FI,Swedish
France,FR,French
France,FR,
France,FR,
Gabon,GA,French
The Gambia,GM,English
Georgia,GE,Georgian
Germany,DE,German
Germany,DE,
Germany,DE,
Germany,DE,
Germany,DE,
Germany,DE,
Germany,DE,
Ghana,GH,English
Ghana,GH,
Ghana,GH,
Ghana,GH,
Ghana,GH,
Ghana,GH,
Ghana,GH,
Ghana,GH,
Ghana,GH,
Ghana,GH,
Ghana,GH,
Greece,GR,Greek
Grenada,GD,English
Guatemala,GT,Spanish
Guatemala,GT,
Guatemala,GT,
Guinea,GN,French
Guinea,GN,
Guinea,GN,
Guinea-Bissau,GW,Portuguese
Guyana,GY,English
Haiti,HT,French
Haiti,HT,Haitian Creole
Honduras,HN,Spanish
Hungary,HU,Hungarian
Hungary,HU,
Hungary,HU,
Hungary,HU,
Hungary,HU,
Hungary,HU,
Iceland,IS,Icelandic
Iceland,IS,Icelandic Sign Language
India,IN,Hindi
India,IN,English
India,IN,Assamese
India,IN,Bengali
India,IN,Bodo
India,IN,Dogri
India,IN,Gujarati
India,IN,Hindi
India,IN,Kannada
India,IN,Kashmiri
India,IN,Konkani
India,IN,Maithili
India,IN,Malayalam
India,IN,Meitei(Manipuri)
India,IN,Marathi
India,IN,Nepali
India,IN,Odia(Oriya)
India,IN,Punjabi
India,IN,Sanskrit
India,IN,Santali
India,IN,Sindhi
India,IN,Tamil
India,IN,Telugu
India,IN,Urdu
Indonesia,ID,Indonesian
Indonesia,ID,
Indonesia,ID,
Indonesia,ID,
Indonesia,ID,
Indonesia,ID,
Iran,IR,Persian
Iran,IR,
Iran,IR,
Iran,IR,
Iran,IR,
Iran,IR,
Iran,IR,
Iran,IR,
Iran,IR,
Iran,IR,
Iraq,IQ,Arabic
Iraq,IQ,Kurdish
Iraq,IQ,
Republic of Ireland,IE,Irish
Republic of Ireland,IE,English
Israel,IL,Hebrew
Israel,IL,
Italy,IT,Italian
Italy,IT,
Italy,IT,
Italy,IT,
Italy,IT,
Italy,IT,
Italy,IT,
Italy,IT,
Italy,IT,
Italy,IT,
Italy,IT,
Ivory Coast,CI,French
Jamaica,JM,English
Japan,JP,Japanese
Jordan,JO,Arabic
Jordan,JO,
Jordan,JO,
Kazakhstan,KZ,Kazakh
Kazakhstan,KZ,Russian
Kenya,KE,English
Kenya,KE,Swahili
Kiribati,KI,English
Kiribati,KI,Gilbertese
North Korea,KP,Korean
South Korea,KR,Korean
South Korea,KR,Korean Sign Language
Kosovo,XK,Albanian
Kosovo,XK,Serbian
Kuwait,KW,Standard Arabic
Kuwait,KW,
Kuwait,KW,
Kyrgyzstan,KG,Kyrgyz
Kyrgyzstan,KG,Russian
Laos,LA,Lao
Latvia,LV,Latvian
Lebanon,LB,Arabic
Lebanon,LB,
Lebanon,LB,
Lesotho,LS,Sotho
Lesotho,LS,English
Liberia,LR,English
Libya,LY,Arabic
Liechtenstein,LI,German
Lithuania,LT,Lithuanian
Lithuania,LT,
Luxembourg,LU,French
Luxembourg,LU,German
Luxembourg,LU,Luxembourgish
Madagascar,MG,French
Madagascar,MG,Malagasy
Malawi,MW,English
Malawi,MW,Chichewa
Malaysia,MY,Malay
Malaysia,MY,
Malaysia,MY,
Malaysia,MY,
Malaysia,MY,
Maldives,MV,Dhivehi
Mali,ML,Bambara
Mali,ML,Bobo
Mali,ML,Bozo
Mali,ML,Dogon
Mali,ML,Fula
Mali,ML,Hassaniya
Mali,ML,Kassonke
Mali,ML,Maninke
Mali,ML,Minyanka
Mali,ML,Senufo
Mali,ML,Songhay
Mali,ML,Soninke
Mali,ML,Tamasheq
Malta,MT,Maltese
Malta,MT,English
Malta,MT,Italian
Marshall Islands,MH,English
Marshall Islands,MH,Marshallese
Mauritania,MR,Arabic
Mauritania,MR,
Mauritania,MR,
Mauritania,MR,
Mauritius,MU,English
Mauritius,MU,Mauritian Creole
Mexico,MX,Spanish
Federated States of Micronesia,FM,English
Federated States of Micronesia,FM,
Federated States of Micronesia,FM,
Federated States of Micronesia,FM,
Moldova,MD,Romanian
Moldova,MD,
Moldova,MD,
Monaco,MC,French
Mongolia,MN,Mongolian
Montenegro,ME,Montenegrin
Morocco,MA,Arabic
Morocco,MA,Berber
Mozambique,MZ,Portuguese
Myanmar,MM,Burmese
Myanmar,MM,
Myanmar,MM,
Myanmar,MM,
Myanmar,MM,
Myanmar,MM,
Myanmar,MM,
Namibia,NA,English
Namibia,NA,
Nauru,NR,English
Nauru,NR,Nauruan
Nepal,NP,Nepali
Netherlands,NL,Dutch
Netherlands,NL,
Netherlands,NL,
Netherlands,NL,
Netherlands,NL,
New Zealand,NZ,English
New Zealand,NZ,Maori
New Zealand,NZ,New Zealand Sign Language
Nicaragua,NI,Spanish
Nicaragua,NI,
Nicaragua,NI,
Nicaragua,NI,
Nicaragua,NI,
Nicaragua,NI,
Niger,NE,French
Niger,NE,
Niger,NE,
Niger,NE,
Niger,NE,
Niger,NE,
Niger,NE,
Nigeria,NG,English
Nigeria,NG,
Nigeria,NG,
Niue,NU,English
Niue,NU,Niuean
Norfolk Island,NF,English
Norfolk Island,NF,Norfuk
North Macedonia,MK,Macedonian
North Macedonia,MK,Albanian
Cyprus,CY,Turkish
Norway,NO,Norwegian
Norway,NO,Sami
Norway,NO,
Norway,NO,
Oman,OM,Arabic
Pakistan,PK,Urdu
Pakistan,PK,English
Pakistan,PK,
Pakistan,PK,
Pakistan,PK,
Palau,PW,English
Palau,PW,Palauan
Palau,PW,
Palestinian National Authority,PS,Arabic
Palestinian National Authority,PS,
Panama,PA,Spanish
Papua New Guinea,PG,English
Papua New Guinea,PG,Hiri Motu
Papua New Guinea,PG,PNG Sign Language
Papua New Guinea,PG,Tok Pisin
Paraguay,PY,Spanish
Paraguay,PY,Guaraní
Peru,PE,Spanish
Peru,PE,
Philippines,PH,Filipino
Philippines,PH,English
Philippines,PH,
Philippines,PH,
Philippines,PH,
Philippines,PH,
Philippines,PH,
Philippines,PH,
Philippines,PH,
Philippines,PH,
Philippines,PH,
Philippines,PH,
Philippines,PH,
Philippines,PH,
Philippines,PH,
Philippines,PH,
Philippines,PH,
Philippines,PH,
Poland,PL,Polish
Poland,PL,
Poland,PL,
Poland,PL,
Poland,PL,
Poland,PL,
Poland,PL,
Poland,PL,
Poland,PL,
Poland,PL,
Poland,PL,
Poland,PL,
Poland,PL,
Poland,PL,
Portugal,PT,Portuguese
Qatar,QA,Arabic
Romania,RO,Romanian
Romania,RO,
Romania,RO,
Romania,RO,
Romania,RO,
Romania,RO,
Romania,RO,
Romania,RO,
Romania,RO,
Romania,RO,
Russia,RU,Russian
Rwanda,RW,English
Rwanda,RW,French
Rwanda,RW,Kinyarwanda
Rwanda,RW,Swahili
Saint Kitts and Nevis,KN,English
Saint Lucia,LC,English
Saint Vincent and the Grenadines,VC,English
Samoa,WS,English
Samoa,WS,Samoan
San Marino,SM,Italian
São Tomé and Príncipe,ST,Portuguese
Saudi Arabia,SA,Arabic
Saudi Arabia,SA,
Saudi Arabia,SA,
Senegal,SN,French
Senegal,SN,
Senegal,SN,
Senegal,SN,
Senegal,SN,
Senegal,SN,
Serbia,RS,Serbian
Seychelles,SC,English
Seychelles,SC,French
Seychelles,SC,Seychellois Creole
Sierra Leone,SL,English
Singapore,SG,English
Singapore,SG,Malay
Singapore,SG,Mandarin
Singapore,SG,Tamil
Slovakia,SK,Slovak
Slovakia,SK,
Slovakia,SK,
Slovakia,SK,
Slovakia,SK,
Slovakia,SK,
Slovakia,SK,
Slovakia,SK,
Slovakia,SK,
Slovenia,SI,Slovene
Slovenia,SI,
Slovenia,SI,
Solomon Islands,SB,English
Somalia,SO,Arabic
Somalia,SO,Somali
Somalia,SO,Arabic
Somalia,SO,English
Somalia,SO,Somali
South Africa,ZA,Afrikaans
South Africa,ZA,English
South Africa,ZA,Southern Ndebele
South Africa,ZA,Sotho
South Africa,ZA,Northern Sotho
South Africa,ZA,Swazi
South Africa,ZA,Tsonga
South Africa,ZA,Tswana
South Africa,ZA,Venda
South Africa,ZA,Xhosa
South Africa,ZA,Zulu
Russia,RU,Ossetian
Russia,RU,Russian
South Sudan,SS,English
South Sudan,SS,
South Sudan,SS,
South Sudan,SS,
South Sudan,SS,
South Sudan,SS,
Spain,ES,Spanish
Spain,ES,
Spain,ES,
Spain,ES,
Spain,ES,
Sri Lanka,LK,Sinhala
Sri Lanka,LK,Tamil
Sudan,SD,Arabic
Sudan,SD,English
Suriname,SR,Dutch
Sweden,SE,Swedish
Sweden,SE,
Sweden,SE,
Sweden,SE,
Sweden,SE,
Switzerland,CH,French
Switzerland,CH,German
Switzerland,CH,Italian
Switzerland,CH,Romansh
Syria,SY,Arabic
Syria,SY,
Syria,SY,
Taiwan,TW,Mandarin
Taiwan,TW,
Taiwan,TW,
Taiwan,TW,
Taiwan,TW,
Taiwan,TW,
Taiwan,TW,
Tajikistan,TJ,Tajik
Tanzania,TZ,Swahili
Tanzania,TZ,English
Thailand,TH,Central Thai
Thailand,TH,
Thailand,TH,
Thailand,TH,
Togo,TG,French
Tokelau,TK,English
Tokelau,TK,Tokelauan
Tonga,TO,English
Tonga,TO,Tongan
Trinidad and Tobago,TT,English
Tunisia,TN,Arabic
Turkey,TR,Turkish
Turkmenistan,TM,Turkmen
Tuvalu,TV,Tuvaluan
Tuvalu,TV,English
Uganda,UG,English
Uganda,UG,Swahili
Ukraine,UA,Ukrainian
Ukraine,UA,
United Arab Emirates,AE,Arabic
United Kingdom,GB,English
United Kingdom,GB,
United Kingdom,GB,
United Kingdom,GB,
United Kingdom,GB,
United Kingdom,GB,
United Kingdom,GB,
United Kingdom,GB,
United Kingdom,GB,
United States,US,English
United States,US,
Uruguay,UY,Spanish
Uruguay,UY,Uruguayan Sign Language
Uzbekistan,UZ,Uzbek
Uzbekistan,UZ,
Uzbekistan,UZ,
Vanuatu,VU,English
Vanuatu,VU,French
Vanuatu,VU,Bislama
Vatican City,VA,Italian
Venezuela,VE,Spanish
Venezuela,VE,Venezuelan Sign Language
Vietnam,VN,Vietnamese
Vietnam,VN,
Vietnam,VN,
Vietnam,VN,
Vietnam,VN,
Vietnam,VN,
Vietnam,VN,
Vietnam,VN,
Vietnam,VN,
Vietnam,VN,
Yemen,YE,Arabic
Yemen,YE,
Zambia,ZM,English
Zimbabwe,ZW,Chewa
Zimbabwe,ZW,Chibarwe
Zimbabwe,ZW,English
Zimbabwe,ZW,Kalanga
Zimbabwe,ZW,Khoisan
Zimbabwe,ZW,Nambya
Zimbabwe,ZW,Ndau
Zimbabwe,ZW,Ndebele
Zimbabwe,ZW,Shangani
Zimbabwe,ZW,Shona
Zimbabwe,ZW,Sotho
Zimbabwe,ZW,Tonga
Zimbabwe,ZW,Tswana
Zimbabwe,ZW,Venda
Zimbabwe,ZW,Xhosa
